年齢など,,本人の収入,,,,家族の収入,,,,その他,,,使う予定のお金,,,,,,,,,,,,3区分キャッシュフロー,,,,,,,,,毎年の収支,,,,,貯金の合計,,,
西暦,年齢,お給料,年金など,個人年金等,iDeCo等,お給料,年金など,個人年金等,iDeCo等,資金調達合計,児童手当,経常収入合計,基本生活費,火災保険等,学費など,車の買替等,趣味・他,趣味・他,家族関連,家ローン,将来の積立,保険料,税金・社保,支出合計,経常収入,経常支出,経常収支,臨時収入,臨時支出,臨時収支,資金調達(取崩),資金調達(移管),最終純増減,年間の残金,不定期な出費,実質の貯蓄,満期保険等,保険解約金,ふだん使い,予備のお金,運用の資金,その年の残高
2025,39,860,0,0,0,254,0,0,0,0,80,1194,182.39999999999998,60,71.46031746031747,50,42,64.8,33.6,0,73.2,0,282.64920672,860.1095241803175,1194,860.1095241803175,333.8904758196825,0,0,0,0,0,333.8904758196825,333.8904758196825,0,333.8904758196825,0,0,3399.8904758196823,163,949.47,4512.3604758196825
2026,40,871.8772670821952,0,0,0,430,0,0,0,0,80,1381.8772670821952,184.224,60.6,71.46031746031747,350,42,64.8,43.2,0,73.2,6,262.6959444593872,1158.1802619197047,1381.8772670821952,1158.1802619197047,223.69700516249054,0,0,0,0,0,223.69700516249054,223.69700516249054,0,223.69700516249054,0,0,3623.5874809821726,227.89,991.1541000000001,4842.631580982173
2027,41,883.419760980413,0,0,0,130,0,0,0,0,80,1093.419760980413,186.06623999999996,525.3515,0,145,42,64.8,43.2,163.83656290728302,73.2,6,267.36153811730463,1516.8158410245878,1093.419760980413,1516.8158410245878,-423.3960800441748,0,0,0,0,0,-423.3960800441748,-423.3960800441748,0,-423.3960800441748,0,0,3200.191400937998,294.7267,1034.088723,4529.006823937998
2028,42,894.6122372821999,0,0,0,130,0,0,0,0,74,1098.6122372821999,212.6541264,15.454515000000002,53.595238095238095,50,42,52.8,43.2,163.8365629072826,73.2,6,272.03646842118894,984.7769108237096,1098.6122372821999,984.7769108237096,113.83532645849027,0,0,0,0,0,113.83532645849027,113.83532645849027,0,113.83532645849027,0,0,3314.0267273964882,363.56850099999997,1078.31138469,4755.9066130864885
2029,43,905.4374456948749,0,0,0,130,0,0,0,0,74,1109.437445694875,214.780667664,15.609060150000001,120.10317460317461,50,42,52.8,43.2,163.8365629072821,73.2,6,276.4662460548026,1057.9957113792593,1109.437445694875,1057.9957113792593,51.44173431561558,0,0,0,0,0,51.44173431561558,51.44173431561558,0,51.44173431561558,0,0,3365.468461712104,434.47555602999995,1123.8607262307,4923.804743972803
2030,44,915.8756619641213,0,0,0,130,0,0,0,0,24,1069.8756619641213,216.92847434064,15.765150751500002,120.10317460317461,50,42,52.8,43.2,163.83656290728166,73.2,6,281.6407859809763,1065.4741485835725,1069.8756619641213,1065.4741485835725,4.401513380548749,0,0,0,0,0,4.401513380548749,4.401513380548749,0,4.401513380548749,0,0,3369.8699750926526,507.5098227108999,1170.776548017621,5048.156345821174
2031,45,925.9040533165016,0,0,0,130,0,0,0,0,24,1079.9040533165016,219.0977590840464,15.922802259015002,53.595238095238095,50,42,52.8,43.2,163.8365629072811,73.2,6,285.8086006513858,1005.4609629969664,1079.9040533165016,1005.4609629969664,74.44309031953526,0,0,0,0,0,74.44309031953526,74.44309031953526,0,74.44309031953526,0,0,3444.313065412188,582.7351173922269,1219.0998444581496,5246.148027262565
2032,46,935.4957932757618,0,0,0,130,0,0,0,0,24,1089.4957932757618,221.28873667488685,16.08203028160515,103.47619047619048,50,42,52.8,43.2,163.83656290728055,73.2,6,289.70845201001976,1061.5919723499828,1089.4957932757618,1061.5919723499828,27.903820925778973,0,0,0,0,0,27.903820925778973,27.903820925778973,0,27.903820925778973,0,0,3472.2168863379666,660.2171709139938,1268.8728397918942,5401.306897043854
2033,47,944.6187833503776,0,0,0,131.17,0,0,0,0,24,1099.7887833503776,223.50162404163572,16.242850584421202,103.47619047619048,50,42,52.8,43.2,163.8365629072801,73.2,6,293.7245648749032,1067.981792884431,1099.7887833503776,1067.981792884431,31.806990465946683,0,0,0,0,0,31.806990465946683,31.806990465946683,0,31.806990465946683,0,0,3504.0238768039135,740.0236860414136,1320.139024985651,5564.186587830978
2034,48,953.2337260931945,0,0,0,132.35052999999996,0,0,0,0,24,1109.5842560931944,245.4229751903706,16.405279090265413,139.20634920634922,50,42,52.8,43.2,163.83656290727947,73.2,6,297.57555733383754,1129.6467237281022,1109.5842560931944,1129.6467237281022,-20.06246763490776,0,0,0,0,0,-20.06246763490776,-20.06246763490776,0,-20.06246763490776,0,0,3483.9614091690055,822.2243966226561,1372.9431957352206,5679.129001526882
2035,49,961.2910573559781,0,0,0,133.54168476999996,0,0,0,0,24,1118.832742125978,247.87720494227435,16.56933188116807,139.20634920634922,350,42,52.8,43.2,163.83656290727887,73.2,6,301.21395741627754,1435.9034063533481,1118.832742125978,1435.9034063533481,-317.0706642273701,0,0,0,0,0,-317.0706642273701,-317.0706642273701,0,-317.0706642273701,0,0,3166.8907449416356,906.8911285213358,1427.3314916072773,5501.113365070249
2036,50,968.7256968725188,0,0,0,134.74355993292997,0,0,0,0,24,1127.4692568054488,250.35597699169708,16.73502519997975,192.80158730158732,50,42,52.8,43.2,163.83656290727822,73.2,6,304.4977886001296,1195.426941000672,1127.4692568054488,1195.426941000672,-67.95768419522324,0,0,0,0,0,-67.95768419522324,-67.95768419522324,0,-67.95768419522324,0,0,3098.9330607464126,994.0978623769759,1483.3514363554957,5576.382359478885
2037,51,975.4471165292766,0,0,0,135.9562519723263,0,0,0,0,24,1135.403368501603,273.1423873039895,16.902375451979548,157.07142857142858,430,42,52.8,43.2,167.83783829402776,73.2,6,307.70089069051795,1569.8549203119433,1135.403368501603,1569.8549203119433,-434.45155181034033,0,0,0,0,0,-434.45155181034033,-434.45155181034033,0,-434.45155181034033,0,0,2664.4815089360723,1083.920798248285,1541.0519794461607,5289.454286630518
2038,52,981.3174757188058,0,0,0,137.1798582400772,0,0,0,0,24,1142.497333958883,275.87381117702944,17.071399206499343,190.3253968253968,50,42,52.8,33.6,167.83783829402714,73.2,6,310.19616793193387,1218.9046134348866,1142.497333958883,1218.9046134348866,-76.40727947600362,0,0,0,0,0,-76.40727947600362,-76.40727947600362,0,-76.40727947600362,0,0,2588.0742294600686,1176.4384221957337,1600.4835388295455,5364.996190485348
2039,53,986.0888676685938,0,0,0,138.4144769642379,0,0,0,0,24,1148.5033446328316,278.63254928879974,17.24211319856434,261.78571428571433,50,42,52.8,33.6,167.83783829402643,73.2,6,312.2841300435281,1295.382345110633,1148.5033446328316,1295.382345110633,-146.87900047780136,0,0,0,0,0,-146.87900047780136,-146.87900047780136,0,-146.87900047780136,0,0,2441.1952289822675,1271.7315748616056,1661.698044994432,5374.624848838305
2040,54,989,0,0,0,139.660207256916,0,0,0,0,12,1140.660207256916,295.3505022461277,17.41453433054998,400.9920634920635,50,42,52.8,33.6,167.83783829402557,73.2,6,313.714511159319,1452.9094495220859,1140.660207256916,1452.9094495220859,-312.24924226516987,0,0,0,0,0,-312.24924226516987,-312.24924226516987,0,-312.24924226516987,0,0,2128.9459867170976,1369.8835221074537,1724.748986344265,5223.5784951688165
2041,55,989,0,0,0,140.91714912222827,0,0,0,0,12,1141.9171491222282,298.30400726858903,17.58867967385548,367.73809523809524,50,42,52.8,33.6,167.8378382940248,73.2,6,313.94204018019286,1423.0106606547574,1141.9171491222282,1423.0106606547574,-281.0935115325292,0,0,0,0,0,-281.0935115325292,-281.0935115325292,0,-281.0935115325292,0,0,1847.8524751845684,1470.9800277706772,1789.691455934593,5108.5239588898385
2042,56,989,0,0,0,142.18540346432832,0,0,0,0,12,1143.1854034643284,301.28704734127484,17.764566470594033,367.73809523809524,65,42,52.8,33.6,167.837838294024,73.2,6,314.32340922225455,1441.5509565662426,1143.1854034643284,1441.5509565662426,-298.3655531019142,0,0,0,0,0,-298.3655531019142,-298.3655531019142,0,-298.3655531019142,0,0,1549.4869220826542,1575.1094286037976,1856.5821996126308,4981.178550299082
2043,57,984.055,0,0,0,143.46507209550725,0,0,0,0,12,1139.5200720955072,304.2999178146876,17.942212135299975,434.24603174603175,50,42,52.8,33.6,167.8378382940232,73.2,6,312.93708705105485,1494.8630870410975,1139.5200720955072,1494.8630870410975,-355.3430149455903,0,0,0,0,0,-355.3430149455903,-355.3430149455903,0,-355.3430149455903,0,0,1194.143907137064,1682.3627114619114,1925.4796656010099,4801.986284199986
2044,58,979.134725,0,0,0,144.7562577443668,0,0,0,0,0,1123.8909827443667,307.3429169928345,18.121634256652975,249.40476190476193,50,42,52.8,33.6,167.8378382940222,73.2,6,311.51296810063457,1311.820119548906,1123.8909827443667,1311.820119548906,-187.9291368045392,0,0,0,0,0,-187.9291368045392,-187.9291368045392,0,-187.9291368045392,0,0,1006.2147703325247,1792.8335928057688,1996.4440555690403,4795.492418707334
2045,59,974.239051375,0,0,0,146.0590640640661,0,0,0,0,0,1120.2981154390661,310.41634616276286,18.302850599219507,249.40476190476193,50,42,52.8,33.6,167.83783829402137,73.2,6,310.07065205090436,1313.6324490116701,1120.2981154390661,1313.6324490116701,-193.334333572604,0,0,0,0,0,-193.334333572604,-193.334333572604,0,-193.334333572604,0,0,812.8804367599207,1906.618600589942,2069.5373772361113,4789.036414585974
2046,60,1450,0,0,0,147.37359564064263,0,0,0,0,0,1597.3735956406426,313.5205096243905,18.4858791052117,249.40476190476193,50,42,52.8,33.6,167.83783829402026,73.2,6,126.67680293639413,1133.5257918647785,1597.3735956406426,1133.5257918647785,463.8478037758641,0,0,0,0,0,463.8478037758641,463.8478037758641,0,463.8478037758641,0,0,1276.7282405357848,2023.8171586076403,2144.8234985531944,5445.36889769662
2047,61,450,0,0,0,148.69995800140842,0,0,0,0,0,598.6999580014084,316.65571472063436,18.670737896263816,249.40476190476193,130,42,52.8,33.6,170.31608831246888,73.2,6,127.06869057200169,1219.7159934061308,598.6999580014084,1219.7159934061308,-621.0160354047224,0,100,-100,0,0,-721.0160354047224,-621.0160354047224,100,-721.0160354047224,0,0,555.7122051310624,2144.5316733658697,2222.36820350979,4922.612082006723
2048,62,450,0,0,0,150.0382576234211,0,0,0,25.376846743185865,0,600.038257623421,331.8910368439856,18.857445275226457,0,325,42,52.8,33.6,170.31608831246768,73.2,6,127.4627390659897,1181.1273094976693,600.038257623421,1181.1273094976693,-581.0890518742483,0,0,0,25.376846743185865,0,-555.7122051310624,-581.0890518742483,0,-581.0890518742483,0,0,0,2243.49077682366,2302.2392496150833,4545.730026438743
2049,63,450,0,0,0,151.38860194203184,0,0,0,283.49062891692245,0,601.3886019420319,335.2099472124255,19.04601972797872,0,25,42,52.8,33.6,170.31608831246635,73.2,6,127.7071756060836,884.8792308589543,601.3886019420319,884.8792308589543,-283.49062891692245,0,0,0,283.49062891692245,0,0,-283.49062891692245,0,-283.49062891692245,0,0,0,2087.3048712114473,2384.5064271035358,4471.811298314983
2050,64,450,0,0,0,0,0,0,0,410.89666242227327,0,450,338.5620466845497,19.236479925258507,0,25,42,52.8,33.6,170.31608831246498,73.2,6,100.18204750000001,860.8966624222733,450,860.8966624222733,-410.89666242227327,0,0,0,410.89666242227327,0,0,-410.89666242227327,0,-410.89666242227327,0,0,0,1799.0273549255173,2469.241619916642,4268.268974842159
2051,65,0,182.1696,0,0,0,0,0,0,3261.696068653572,0,2725.4884685141415,379.2510490224565,19.428844724511094,0,145,42,52.8,21.6,170.3160883124633,60,6,4.1508180800000005,900.546800139431,182.1696,900.546800139431,-718.3772001394309,0,0,0,718.3772001394309,2543.3188685141413,2543.3188685141413,-718.3772001394309,0,-718.3772001394309,0,0,2543.3188685141413,1194.620975433852,0,3737.9398439479933
2052,66,0,182.1696,0,0,0,0,0,0,1230.4596046968675,0,1412.6292046968674,383.0435595126811,19.623133171756205,0,25,6,52.8,21.6,170.31608831246137,0,6,4.1508180800000005,688.5335990768987,182.1696,688.5335990768987,-506.36399907689866,0,100,-100,0,1230.4596046968675,624.0956056199689,-506.36399907689866,100,-606.3639990768986,0,0,3167.41447413411,0,0,3167.41447413411
2053,67,0,182.1696,0,0,0,0,0,0,0,0,182.1696,386.87399510780784,19.819364503473768,0,25,6,52.8,21.6,170.31608831245939,0,6,4.1508180800000005,692.560266003741,182.1696,692.560266003741,-510.39066600374105,0,0,0,0,0,-510.39066600374105,-510.39066600374105,0,-510.39066600374105,0,0,2657.023808130369,0,0,2657.023808130369
2054,68,0,182.1696,0,0,0,0,0,0,0,0,182.1696,390.74273505888596,20.017558148508506,0,25,6,52.8,21.6,170.3160883124573,0,6,4.1508180800000005,696.6271995998518,182.1696,696.6271995998518,-514.4575995998518,0,0,0,0,0,-514.4575995998518,-514.4575995998518,0,-514.4575995998518,0,0,2142.5662085305175,0,0,2142.5662085305175
2055,69,0,182.1696,0,0,0,123.1696,0,0,0,0,305.3392,394.65016240947483,20.21773372999359,0,25,6,52.8,21.6,170.3160883124548,0,6,4.6508180800000005,701.2348025319233,305.3392,701.2348025319233,-395.89560253192326,0,0,0,0,0,-395.89560253192326,-395.89560253192326,0,-395.89560253192326,0,0,1746.6706059985943,0,0,1746.6706059985943
2056,70,0,182.1696,0,0,0,123.1696,0,0,0,0,305.3392,398.5966640335696,20.419911067293526,0,25,6,16.8,21.6,170.3160883124515,0,6,4.6508180800000005,669.3834814933147,305.3392,669.3834814933147,-364.04428149331466,0,0,0,0,0,-364.04428149331466,-364.04428149331466,0,-364.04428149331466,0,0,1382.6263245052796,0,0,1382.6263245052796
2057,71,0,182.1696,0,0,0,123.1696,0,0,0,0,305.3392,402.58263067390527,20.62411017796646,0,420,6,16.8,21.6,171.17387046052914,0,6,4.6508180800000005,1069.4314293924008,305.3392,1069.4314293924008,-764.0922293924008,0,0,0,0,0,-764.0922293924008,-764.0922293924008,0,-764.0922293924008,0,0,618.5340951128788,0,0,618.5340951128788
2058,72,0,182.1696,0,0,0,123.1696,0,0,0,0,305.3392,406.6084569806443,20.830351279746125,0,25,6,16.8,21.6,171.17387046053244,0,6,4.6508180800000005,678.6634968009229,305.3392,678.6634968009229,-373.32429680092287,0,0,0,0,0,-373.32429680092287,-373.32429680092287,0,-373.32429680092287,0,0,245.20979831195598,0,0,245.20979831195598
2059,73,0,182.1696,0,0,0,123.1696,0,0,0,0,305.3392,410.6745415504508,21.03865479254359,0,25,6,16.8,21.6,171.17387046053696,0,6,4.6508180800000005,682.9378848835314,305.3392,682.9378848835314,-377.5986848835314,0,0,0,0,0,-377.5986848835314,-377.5986848835314,0,-377.5986848835314,0,0,-132.38888657157543,0,0,-132.38888657157543
2060,74,0,182.1696,0,0,0,123.1696,0,0,0,0,305.3392,414.78128696595525,21.249041340469024,0,25,6,16.8,21.6,171.17387046054387,0,6,4.6508180800000005,687.2550168469683,305.3392,687.2550168469683,-381.91581684696826,0,0,0,0,0,-381.91581684696826,-381.91581684696826,0,-381.91581684696826,0,0,-514.3047034185437,0,0,-514.3047034185437
2061,75,0,182.1696,0,0,0,123.1696,0,0,0,0,305.3392,418.92909983561486,21.461531753873714,0,25,6,16.8,21.6,171.17387046055626,0,6,4.6508180800000005,691.6153201300449,305.3392,691.6153201300449,-386.2761201300449,0,0,0,0,0,-386.2761201300449,-386.2761201300449,0,-386.2761201300449,0,0,-900.5808235485886,0,0,-900.5808235485886
2062,76,0,182.1696,0,0,0,123.1696,0,0,0,0,305.3392,423.11839083397103,21.67614707141245,0,25,6,16.8,21.6,0,0,6,4.6508180800000005,524.8453559853835,305.3392,524.8453559853835,-219.50615598538354,0,0,0,0,0,-219.50615598538354,-219.50615598538354,0,-219.50615598538354,0,0,-1120.0869795339722,0,0,-1120.0869795339722
2063,77,0,182.1696,0,0,0,123.1696,0,0,0,0,305.3392,427.34957474231066,21.892908542126577,0,25,6,16.8,21.6,0,0,6,4.6508180800000005,529.2933013644373,305.3392,529.2933013644373,-223.9541013644373,0,0,0,0,0,-223.9541013644373,-223.9541013644373,0,-223.9541013644373,0,0,-1344.0410808984095,0,0,-1344.0410808984095
2064,78,0,182.1696,0,0,0,123.1696,0,0,0,0,305.3392,431.62307048973383,22.111837627547843,0,25,6,16.8,21.6,0,0,6,4.6508180800000005,533.7857261972817,305.3392,533.7857261972817,-228.44652619728174,0,0,0,0,0,-228.44652619728174,-228.44652619728174,0,-228.44652619728174,0,0,-1572.4876070956911,0,0,-1572.4876070956911
2065,79,0,182.1696,0,0,0,123.1696,0,0,0,0,305.3392,435.9393011946311,22.33295600382332,0,25,6,16.8,21.6,0,0,6,4.6508180800000005,538.3230752784544,305.3392,538.3230752784544,-232.98387527845443,0,0,0,0,0,-232.98387527845443,-232.98387527845443,0,-232.98387527845443,0,0,-1805.4714823741456,0,0,-1805.4714823741456
2066,80,0,182.1696,0,0,0,123.1696,0,0,0,0,305.3392,440.29869420657747,22.556285563861554,0,25,6,16.8,21.6,0,0,6,4.6508180800000005,542.9057978504391,305.3392,542.9057978504391,-237.56659785043905,0,0,0,0,0,-237.56659785043905,-237.56659785043905,0,-237.56659785043905,0,0,-2043.0380802245845,0,0,-2043.0380802245845
2067,81,0,182.1696,0,0,0,123.1696,0,0,0,0,305.3392,444.7016811486433,22.78184841950017,0,105,6,16.8,3.5999999999999996,0,0,0,4.6508180800000005,603.5343476481435,305.3392,603.5343476481435,-298.19514764814346,0,0,0,0,0,-298.19514764814346,-298.19514764814346,0,-298.19514764814346,0,0,-2341.233227872728,0,0,-2341.233227872728
2068,82,0,182.1696,0,0,0,123.1696,0,0,0,0,305.3392,449.1486979601297,23.009666903695173,0,25,6,16.8,3.5999999999999996,0,0,0,4.6508180800000005,528.2091829438249,305.3392,528.2091829438249,-222.86998294382488,0,0,0,0,0,-222.86998294382488,-222.86998294382488,0,-222.86998294382488,0,0,-2564.1032108165527,0,0,-2564.1032108165527
2069,83,0,182.1696,0,0,0,123.1696,0,0,0,0,305.3392,453.640184939731,23.239763572732127,0,25,6,16.8,3.5999999999999996,0,0,0,4.6508180800000005,532.9307665924631,305.3392,532.9307665924631,-227.5915665924631,0,0,0,0,0,-227.5915665924631,-227.5915665924631,0,-227.5915665924631,0,0,-2791.694777409016,0,0,-2791.694777409016
2070,84,0,182.1696,0,0,0,123.1696,0,0,0,0,305.3392,458.1765867891283,23.472161208459443,0,25,6,16.8,3.5999999999999996,0,0,0,4.6508180800000005,537.6995660775877,305.3392,537.6995660775877,-232.36036607758774,0,0,0,0,0,-232.36036607758774,-232.36036607758774,0,-232.36036607758774,0,0,-3024.055143486604,0,0,-3024.055143486604
2071,85,0,182.1696,0,0,0,123.1696,0,0,0,0,305.3392,462.75835265701954,23.70688282054404,0,25,6,16.8,3.5999999999999996,0,0,0,4.6508180800000005,542.5160535575635,305.3392,542.5160535575635,-237.1768535575635,0,0,0,0,0,-237.1768535575635,-237.1768535575635,0,-237.1768535575635,0,0,-3261.231997044167,0,0,-3261.231997044167
2072,86,0,182.1696,0,0,0,123.1696,0,0,0,0,305.3392,467.3859361835898,23.94395164874948,0,40,6,16.8,3.5999999999999996,0,0,0,4.6508180800000005,562.3807059123393,305.3392,562.3807059123393,-257.0415059123393,0,0,0,0,0,-257.0415059123393,-257.0415059123393,0,-257.0415059123393,0,0,-3518.2735029565065,0,0,-3518.2735029565065
2073,87,0,182.1696,0,0,0,123.1696,0,0,0,0,305.3392,472.0597955454257,24.183391165236976,0,25,6,16.8,3.5999999999999996,0,0,0,4.6508180800000005,552.2940047906627,305.3392,552.2940047906627,-246.9548047906627,0,0,0,0,0,-246.9548047906627,-246.9548047906627,0,-246.9548047906627,0,0,-3765.2283077471693,0,0,-3765.2283077471693
2074,88,0,182.1696,0,0,0,123.1696,0,0,0,0,305.3392,476.78039350087994,24.425225076889344,0,25,6,16.8,3.5999999999999996,0,0,0,4.6508180800000005,557.2564366577692,305.3392,557.2564366577692,-251.9172366577692,0,0,0,0,0,-251.9172366577692,-251.9172366577692,0,-251.9172366577692,0,0,-4017.1455444049384,0,0,-4017.1455444049384
2075,89,0,182.1696,0,0,0,123.1696,0,0,0,0,305.3392,481.54819743588877,24.66947732765824,0,25,6,16.8,3.5999999999999996,0,0,0,4.6508180800000005,562.2684928435469,305.3392,562.2684928435469,-256.92929284354693,0,0,0,0,0,-256.92929284354693,-256.92929284354693,0,-256.92929284354693,0,0,-4274.074837248485,0,0,-4274.074837248485
2076,90,0,182.1696,0,0,0,123.1696,0,0,0,0,305.3392,486.3636794102477,24.916172100934823,0,25,6,16.8,3.5999999999999996,0,0,0,4.6508180800000005,567.3306695911825,305.3392,567.3306695911825,-261.9914695911825,0,0,0,0,0,-261.9914695911825,-261.9914695911825,0,-261.9914695911825,0,0,-4536.066306839668,0,0,-4536.066306839668
2077,91,0,182.1696,0,0,0,123.1696,0,0,0,0,305.3392,491.22731620435013,25.16533382194417,0,105,6,16.8,3.5999999999999996,0,0,0,4.6508180800000005,652.4434681062943,305.3392,652.4434681062943,-347.1042681062943,0,0,0,0,0,-347.1042681062943,-347.1042681062943,0,-347.1042681062943,0,0,-4883.1705749459625,0,0,-4883.1705749459625
2078,92,0,182.1696,0,0,0,123.1696,0,0,0,0,305.3392,496.13958936639364,25.41698716016361,0,25,6,16.8,3.5999999999999996,0,0,0,4.6508180800000005,577.6073946065572,305.3392,577.6073946065572,-272.26819460655724,0,0,0,0,0,-272.26819460655724,-272.26819460655724,0,-272.26819460655724,0,0,-5155.43876955252,0,0,-5155.43876955252
2079,93,0,182.1696,0,0,0,123.1696,0,0,0,0,305.3392,501.10098526005754,25.671157031765247,0,25,6,16.8,3.5999999999999996,0,0,0,4.6508180800000005,582.8229603718228,305.3392,582.8229603718228,-277.48376037182277,0,0,0,0,0,-277.48376037182277,-277.48376037182277,0,-277.48376037182277,0,0,-5432.922529924343,0,0,-5432.922529924343
2080,94,0,182.1696,0,0,0,123.1696,0,0,0,0,305.3392,506.1119951126582,25.927868602082903,0,25,6,16.8,3.5999999999999996,0,0,0,4.6508180800000005,588.090681794741,305.3392,588.090681794741,-282.75148179474104,0,0,0,0,0,-282.75148179474104,-282.75148179474104,0,-282.75148179474104,0,0,-5715.674011719084,0,0,-5715.674011719084
2081,95,0,182.1696,0,0,0,123.1696,0,0,0,0,305.3392,511.17311506378473,26.18714728810373,0,25,6,16.8,3.5999999999999996,0,0,0,4.6508180800000005,593.4110804318884,305.3392,593.4110804318884,-288.0718804318884,0,0,0,0,0,-288.0718804318884,-288.0718804318884,0,-288.0718804318884,0,0,-6003.745892150972,0,0,-6003.745892150972